{"mean": [21.76940141661373, 5.09232084561044, 9.617956073942949, 3.889189612924443, 7.9933101708696706, 1.6973022729396756, 1.6195029374796401, 3.2355448145539207, 5.207365175288361], "scale": [5.418460789120324, 2.9568518414049074, 10.241275102748489, 5.4648036139887095, 4.268615495445975, 1.453590443241097, 1.0025311948534699, 3.431623547398941, 5.029581933362445]}